"keys","uz","tr","en"
"chr.ertugrul.name","Ertug'rul Bey","Ertuğrul Bey","Ertugrul Bey"
"chr.turgut.name","Turgut Alp","Turgut Alp","Turgut Alp"
"chr.bamsi.name","Bamsi Bayrak","Bamsı Beyrek","Bamsi Beyrek"
"chr.dogan.name","Dog'on Alp","Doğan Alp","Dogan Alp"
"chr.suleyman_shah.name","Sulaymon Shoh","Süleyman Şah","Suleyman Shah"
"chr.hayme_ana.name","Hayma Ona","Hayme Ana","Hayme Ana"
"chr.halime.name","Halima Sulton","Halime Sultan","Halime Sultan"
"chr.kurdoglu.name","Kurdo'g'li","Kurdoğlu","Kurdoglu"
"chr.titus.name","Birodar Titus","Birader Titus","Brother Titus"
"chr.dundar.name","Dundor","Dündar","Dundar"
"chr.gundogdu.name","Gundo'g'di","Gündoğdu","Gundogdu"
"chr.selcan.name","Selchan Xotun","Selcan Hatun","Selcan Hatun"
"chr.deli_demir.name","Deli Demir","Deli Demir","Deli Demir"
"chr.aykiz.name","Oyqiz","Aykız","Aykiz"
"chr.noyan.name","No'yon","Noyan","Noyan"
"cut.ep001_intro.01","Uch kunda o'ttiz qo'y. Yer bizni yutib yubormoqchi.","Üç günde otuz koyun. Toprak bizi yutmak istiyor.","Thirty sheep in three days. The land wants to swallow us."
"cut.ep001_intro.02","Chodirlar ustida tutun yo'q. Oba nafas olmayapti, Turgut.","Çadırların üstünde duman yok. Oba nefes almıyor Turgut.","No smoke above the tents. The camp is not breathing, Turgut."
"cut.ep001_intro.03","Beyim, quduq suvi qora. Cho'ponlar yaqinlashishga qo'rqishyapti.","Beyim, kuyunun suyu kara. Çobanlar yaklaşmaya korkuyor.","My bey, the well runs black. The shepherds fear to approach."
"cut.ep001_intro.04","Quruq yil qo'yni o'ldiradi, lekin suvni qoraytirmaydi.","Kurak yıl koyunu öldürür ama suyu karartmaz.","A dry year kills sheep, but it does not blacken water."
"cut.ep001_intro.05","Nima demoqchisiz? Kimdir quduqqa qo'l urganmi, deysizmi?","Ne demek istiyorsun? Biri kuyuya mı dokundu diyorsun?","What are you saying? That someone has touched the well?"
"cut.ep001_intro.06","Ot minamiz. Quduqni o'z ko'zim bilan ko'rmagunimcha, obaga hech narsa demaymiz.","Ata bineriz. Kuyuyu kendi gözümle görmeden obaya bir şey söylemeyiz.","We ride. Until I see that well myself, the camp hears nothing."
"cut.ep002_intro.01","Iz yangi. Kiyik sekin yuribdi, oyog'i og'riyapti.","İz taze. Geyik ağır yürümüş, ayağı acıyor.","The track is fresh. The deer walks slowly; its leg hurts."
"cut.ep002_intro.02","Shamol yuzimizga uryapti, beyim. U bizni hidlay olmaydi.","Rüzgâr yüzümüze vuruyor beyim. Bizi koklayamaz.","The wind is in our faces, bey. It cannot smell us."
"cut.ep002_intro.03","Kamonni tortma. Sabr ovchining eng o'tkir o'qidir.","Yayı germe. Sabır, avcının en keskin okudur.","Do not draw yet. Patience is the hunter's sharpest arrow."
"cut.ep002_intro.04","Sabr och qorinni to'ydirmaydi, Dog'on! Qozon bo'sh turibdi.","Sabır aç karnı doyurmaz Doğan! Kazan boş duruyor.","Patience will not fill an empty belly, Dogan! The cauldron stands empty."
"cut.ep002_intro.05","Jim! Bu kiyik emas. Daraxtlar orasidan odam qichqirdi.","Sus! Bu geyik değil. Ağaçların ardından bir insan bağırdı.","Quiet! That was no deer. A man cried out among the trees."
"cut.ep002_intro.06","Ikki ovoz bor, beyim. Biri ayol, va u yolg'iz emas.","İki ses var beyim. Biri kadın ve yalnız değil.","Two voices, bey. One is a woman, and she is not alone."
"cut.ep003_intro.01","Chodirlar yonyapti! Ayollar va bolalarni jarlikka olib chiqinglar!","Çadırlar yanıyor! Kadınları ve çocukları dereye çıkarın!","The tents are burning! Get the women and children to the ravine!"
"cut.ep003_intro.02","Ular o'g'ri emas, beyim. Hech narsa olishmadi, faqat yoqishdi.","Bunlar hırsız değil beyim. Hiçbir şey almadılar, sadece yaktılar.","These are no thieves, bey. They took nothing; they only burned."
"cut.ep003_intro.03","Beyim, devor ustiga qarang. Uning kaftlari mixlangan.","Beyim, duvarın üstüne bakın. Avuçları mıhlanmış.","My bey, look at the wall. His palms have been nailed."
"cut.ep003_intro.04","Bunday ishni kim qiladi? Bu odam o'ldirish emas.","Böyle bir işi kim yapar? Bu adam öldürmek değil.","Who does such a thing? This is not killing."
"cut.ep003_intro.05","Odamlarni qo'rqitmoqchi bo'lganlar qiladi. Qo'rquv ular uchun qurol.","İnsanları korkutmak isteyenler yapar. Korku onlar için silahtır.","Those who wish to frighten men do it. Fear is their weapon."
"cut.ep003_intro.06","Tepalikda oq plash bor. Ismini bilmayman, lekin yuzini eslab qolaman.","Tepede beyaz bir pelerin var. Adını bilmem ama yüzünü unutmam.","A white cloak on the ridge. I will remember that face."
"cut.ep004_intro.01","Kengash ochiq. Kim gapirsa, yuragidagini aytsin, nomini yashirmasin.","Kurultay açıktır. Konuşan yüreğindekini söylesin, adını gizlemesin.","The council is open. Whoever speaks, speak your heart, hide no name."
"cut.ep004_intro.02","Ota, yaylov qurib bordi. Janubga ko'chmasak, qish bizni sindiradi.","Baba, yayla kurudu. Güneye göçmezsek kış bizi kırar.","Father, the pasture is dry. If we do not go south, winter breaks us."
"cut.ep004_intro.03","Janubda salibchilar bor. Bu ko'chish emas, o'z qabringni qazish.","Güneyde haçlılar var. Bu göç değil, kendi mezarını kazmaktır.","Crusaders wait in the south. This is not migration; this is digging your grave."
"cut.ep004_intro.04","Qo'rquv bilan qolgan oba ochlik bilan o'ladi, Kurdo'g'li.","Korkuyla kalan oba açlıkla ölür Kurdoğlu.","A camp that stays out of fear dies of hunger, Kurdoglu."
"cut.ep004_intro.05","Ijozat bering, ota. Yer bizniki emas, yo'l bizniki.","İzin ver baba. Toprak bizim değil, yol bizimdir.","Permit me, father. The land is not ours; the road is ours."
"cut.ep004_intro.06","Bu qo'l qilich uchun tug'ilgan, o'g'lim. Yo'lni sen ochasan.","Bu el kılıç için doğmuş oğlum. Yolu sen açacaksın.","This hand was born for the sword, my son. You will open the road."
"cut.ep005_intro.01","To'rt yuz jon orqamizda, o'g'lim. Hammasi sening qadamingga qaraydi.","Dört yüz can arkamızda oğlum. Hepsi senin adımına bakıyor.","Four hundred souls behind us, son. All of them watch your step."
"cut.ep005_intro.02","Dovon tor, ona. Tuyalar birma-bir o'tishi kerak.","Geçit dar ana. Develer birer birer geçmeli.","The pass is narrow, mother. The camels must cross one by one."
"cut.ep005_intro.03","Qor tinmasa, kechgacha yo'l yopiladi. Kimni oldin o'tkazamiz?","Kar dinmezse akşama yol kapanır. Önce kimi geçiririz?","If the snow does not stop, the road closes by dusk. Who crosses first?"
"cut.ep005_intro.04","Beyim, o'ngdagi qiyalikda muz bor! Ot tuyog'i tutmaydi!","Beyim, sağdaki yamaçta buz var! At tırnağı tutmaz!","Bey, there is ice on the right slope! No hoof will hold there!"
"cut.ep005_intro.05","Men oldinda yuraman. Muz meni ko'tarsa, obani ham ko'taradi.","Ben önden yürürüm. Buz beni taşırsa obayı da taşır.","I will walk ahead. If the ice holds me, it will hold the camp."
"cut.ep005_intro.06","Avval bolalar va onalar. Alplar oxirida; bu buyruq emas, and.","Önce çocuklar ve analar. Alplar en sonda; bu emir değil, yemindir.","Children and mothers first. Alps last; this is not an order, it is an oath."
"cut.generic_intro.01","Oba uyg'onmoqda. Bugungi kun bizdan nima so'raydi, Turgut?","Oba uyanıyor. Bugün bizden ne isteyecek Turgut?","The camp is waking. What will this day ask of us, Turgut?"
"cut.generic_intro.02","Chegarada otliqlar ko'rindi, beyim. Bayroqlari yo'q, niyatlari qorong'i.","Sınırda atlılar göründü beyim. Bayrakları yok, niyetleri karanlık.","Riders were seen at the border, bey. No banners, and dark intentions."
"cut.generic_intro.03","Bayroqsiz yurgan odam o'z nomidan uyaladi.","Bayraksız yürüyen adam kendi adından utanır.","A man who rides without a banner is ashamed of his own name."
"cut.generic_intro.04","Alplarni yig'aymi, beyim? Qilichlar allaqachon charxlangan.","Alpları toplayalım mı beyim? Kılıçlar çoktan bilendi.","Shall we gather the alps, bey? The swords are already sharpened."
"cut.generic_intro.05","Yig'. Lekin qilich oxirgi so'z bo'lsin, birinchisi emas.","Topla. Ama kılıç son söz olsun, ilk söz değil.","Gather them. But let the sword be the last word, not the first."
"cut.generic.01","Yo'l bizni kutmaydi. Qadamimiz sekinlashsa, oba orqada qoladi.","Yol bizi beklemez. Adımımız yavaşlarsa oba geride kalır.","The road does not wait. If our pace slows, the camp falls behind."
"cut.generic.02","Buyruq bering, beyim. Alplar egardan tushmay tayyor turibdi.","Emrini ver beyim. Alplar eyerden inmeden hazır bekliyor.","Give the order, bey. The alps stand ready without leaving the saddle."
"cut.generic.03","Shoshilmaymiz. Avval ko'ramiz, keyin bilamiz, so'ng qilich tortamiz.","Acele etmeyiz. Önce görürüz, sonra biliriz, sonra kılıç çekeriz.","We will not rush. First we see, then we know, then we draw."
"cut.generic.04","Aytganingdek bo'lsin. Qayi obasi orqangdan yuradi, beyim.","Dediğin gibi olsun. Kayı obası ardından yürür beyim.","Let it be as you say. The Kayi camp walks behind you, bey."
"cut.ep007_intro.01","Bu shaharda uch ming ovoz bor, birortasi bizniki emas.","Bu şehirde üç bin ses var, hiçbiri bizim değil.","Three thousand voices in this city, and not one is ours."
"cut.ep007_intro.02","Bek, saroy shimolda. Yo'lni o'zimiz topamiz.","Bey, saray kuzeyde. Yolu kendimiz bulacağız.","Bey, the palace lies north. We will find the way ourselves."
"cut.ep007_intro.03","Ko'zingni pastda tut. Bu yerda qilich emas, odob kesadi.","Gözünü aşağıda tut. Burada kılıç değil, edep keser.","Keep your eyes low. Here manners cut deeper than steel."
"cut.ep007_intro.04","Men amirman. Lekin qarorni doim boshqa og'iz aytadi.","Ben emirim. Ama kararı hep başka bir ağız söyler.","I am the emir. Yet another mouth always speaks the ruling."
"cut.ep007_intro.05","Bolaning tojini men saqlayman. Yerni esa mendan so'rang.","Çocuğun tacını ben korurum. Toprağı ise benden isteyin.","I guard the boy's crown. Ask the land of me instead."
"cut.ep007_intro.06","Ustundagi qon qurigan, ammo temir hali ham och.","Direkteki kan kurumuş, ama demir hâlâ aç.","The blood on that post is dry; the iron still hungers."
"cut.ep008_intro.01","Cho'l odamga yulduzlarni o'rgatadi, keyin ovozini oladi.","Çöl insana yıldızları öğretir, sonra sesini alır.","The desert teaches a man the stars, then takes his voice."
"cut.ep008_intro.02","Bek, minoralar ko'rindi. Damashq bizni kutyapti.","Bey, minareler göründü. Şam bizi bekliyor.","Bey, the minarets have risen. Damascus is waiting for us."
"cut.ep008_intro.03","Maydonda bir odamni mixlashyapti. Men to'xtatolmayman.","Meydanda bir adamı çiviliyorlar. Ben durduramam.","In the square they are nailing a man. I cannot stop it."
"cut.ep008_intro.04","Nega qaray olmayapsan, o'g'lim? Ayt, nima ko'rding?","Neden bakamıyorsun evladım? Söyle bana, ne gördün?","Why can you not look, my son? Tell me what you saw."
"cut.ep008_intro.05","Chunki qo'lim bo'sh. Chunki men bu yerda begonaman.","Çünkü elim boş. Çünkü ben burada yabancıyım.","Because my hands are empty. Because here I am a stranger."
"cut.ep008_intro.06","Yo'q. Chunki sen o'sha mixni o'zingda ko'rding.","Hayır. Çünkü o çiviyi kendinde gördün.","No. Because you saw that very nail inside yourself."
"cut.ep009_intro.01","Chodirlar joyi o'zgargan. Oba menga begonadek qaraydi.","Çadırların yeri değişmiş. Oba bana yabancı gibi bakıyor.","The tents have shifted. The camp looks at me like a stranger."
"cut.ep009_intro.02","Sen yo'qligingda kimdir bu yerda yangi ip to'qidi.","Sen yokken biri burada yeni bir ip dokudu.","While you were gone, someone here wove a new thread."
"cut.ep009_intro.03","Bek o'g'li qaytdi. Endi oba yana ikkiga bo'linadi.","Bey oğlu döndü. Şimdi oba yine ikiye bölünür.","The bey's son returns. Now the camp splits in two again."
"cut.ep009_intro.04","Uning chodirida bir dasta mix bor. Taqa uchun uzun.","Çadırında bir deste çivi var. Nal için fazla uzun.","His tent holds a bundle of nails, too long for horseshoes."
"cut.ep009_intro.05","Dalil kuchsiz bo'lsa, ayblov emas, sabr qurol bo'ladi.","Delil zayıfsa, suçlama değil, sabır silah olur.","When proof is weak, patience becomes the weapon, not accusation."
"cut.ep009_intro.06","Sabr qil, o'g'lim. Xoin o'z ovozi bilan fosh bo'ladi.","Sabret oğlum. Hain kendi sesiyle ele verir.","Be patient, my son. A traitor is undone by his own voice."
"cut.ep010_intro.01","Aykiz, kul! Bu o'rmon bizning to'yimizni ko'radi.","Aykız, gül! Bu orman bizim düğünümüzü görecek.","Aykiz, laugh! This forest will yet see our wedding."
"cut.ep010_intro.02","Sekinroq yur, alp. Tuman ichida yo'l ko'rinmaydi.","Yavaş git alp. Sisin içinde yol görünmüyor.","Ride slower, alp. The road is lost inside this fog."
"cut.ep010_intro.03","Kamonlar tayyor. Yo'lni yopinglar, birortasi qaytmasin.","Yaylar hazır. Yolu kapatın, hiçbiri dönmesin.","Crossbows ready. Seal the road; let none of them return."
"cut.ep010_intro.04","Turgut! Ovozimni eshit, o'rmon seni yutmasin!","Turgut! Sesimi duy, orman seni yutmasın!","Turgut! Hear my voice, do not let the forest take you!"
"cut.ep010_intro.05","Ular uni sudrab ketishyapti. Barmoqlari yerni tirnaydi.","Onu sürükleyip götürüyorlar. Parmakları toprağı tırmalıyor.","They are dragging him away; his fingers claw the earth."
"cut.ep010_intro.06","Men bu izlarni unutmayman. Bagras darvozasi ochiladi.","Bu izleri unutmam. Bagras'ın kapısı açılacak.","I will not forget these marks. The gate of Bagras will open."
"cut.ep011_intro.01","Suv sovuq, nafas qisqa. Panjara qo'l bilan ochiladi.","Su soğuk, nefes kısa. Parmaklık elle açılacak.","The water is cold, the breath short. The grate opens by hand."
"cut.ep011_intro.02","Bek, mash'alni o'chir. Zulmat bugun bizning qalqonimiz.","Bey, meşaleyi söndür. Karanlık bugün bizim kalkanımız.","Bey, douse the torch. Tonight the darkness is our shield."
"cut.ep011_intro.03","Yigirma ikki qorovul. Birortasi qichqirsa, hammasi tugaydi.","Yirmi iki nöbetçi. Biri bağırırsa her şey biter.","Twenty-two guards. If one of them shouts, everything ends."
"cut.ep011_intro.04","Kim keldi? Yorug'likni olib keting, men aytmayman.","Kim geldi? Işığı götürün, ben söylemem.","Who is there? Take the light away; I will not speak."
"cut.ep011_intro.05","Kaftlaring sog' qolibdi. Ular seni mixlashmadi, qardosh.","Avuçların sağlam kalmış. Seni çivilemediler kardeşim.","Your palms are whole. They did not nail you, brother."
"cut.ep011_intro.06","Hali. Va men sening ismingni eslay olmayapman.","Henüz. Ve ben senin adını hatırlayamıyorum.","Not yet. And I cannot remember your name."
"cut.ep012_intro.01","Arqonni torting! Bu devor bugun ovozimizni eshitadi.","Halatı çekin! Bu duvar bugün sesimizi duyacak.","Pull the rope! Today this wall will hear our voice."
"cut.ep012_intro.02","To'rt ming askar, sakson oq plash. Devor hali baland.","Dört bin asker, seksen ak pelerin. Duvar hâlâ yüksek.","Four thousand soldiers, eighty white cloaks. The wall still stands high."
"cut.ep012_intro.03","Bek, mancınıq tayyor! Tosh uchsa, chang bizni yashiradi.","Bey, mancınık hazır! Taş uçarsa toz bizi gizler.","Bey, the trebuchet is ready! When the stone flies, dust hides us."
"cut.ep012_intro.04","Narvonlar burjga qo'yildi. Yuqorida faqat o'lim kutadi.","Merdivenler burca dayandı. Yukarıda sadece ölüm bekliyor.","The ladders rest on the tower. Above, only death is waiting."
"cut.ep012_intro.05","Men qamalni yutish uchun kelmadim. Turgutni olib chiqaman.","Ben kuşatmayı kazanmaya gelmedim. Turgut'u çıkaracağım.","I did not come to win a siege. I came for Turgut."
"cut.ep012_intro.06","Halab lashkari yiqilsa ham, sizning nomingiz qoladi.","Halep ordusu düşse de sizin adınız kalır.","Even if Aleppo's army falls, your name will remain."
"cut.ep013_intro.01","Yigirma ming odam, bitta nafas. Nog'ora hali jim.","Yirmi bin adam, tek nefes. Davul henüz sessiz.","Twenty thousand men, one breath. The war drum is still silent."
"cut.ep013_intro.02","Bek, saf ichida yurmoq, bu ham bir duo.","Bey, safın içinde yürümek de bir duadır.","Bey, to walk among the ranks is itself a prayer."
"cut.ep013_intro.03","Chap qanot ushlansa, Xorazm shohi maydonni tashlaydi.","Sol kanat tutulursa Harezm şahı meydanı bırakır.","Hold the left wing and the Khwarezm shah will quit the field."
"cut.ep013_intro.04","Sultonim, chap qanotni turkman alplari ushlab turadi.","Sultanım, sol kanadı Türkmen alpleri tutacak.","My Sultan, the Turkmen alps will hold the left wing."
"cut.ep013_intro.05","Qiziq. Bir uch begi sultonga qanot va'da qilyapti.","İlginç. Bir uç beyi sultana kanat vaat ediyor.","Curious. A frontier bey promises the Sultan a wing."
"cut.ep013_intro.06","Sen kimsan, turkman? Bugun ismingni maydon aytadi.","Sen kimsin Türkmen? Bugün adını meydan söyleyecek.","Who are you, Turkman? Today the field will speak your name."
"chr.al_aziz.name","Al-Aziz Muhammad","el-Aziz Muhammed","Al-Aziz Muhammad"
"chr.togrul.name","Atabek Shihobuddin To'g'ril","Atabey Şihabüddin Tuğrul","Atabeg Shihab al-Din Toghril"
"chr.ibn_arabi.name","Ibn Arabiy","İbn Arabî","Ibn Arabi"
"chr.alauddin.name","Sulton Alauddin Kayqubod","Sultan Alâeddin Keykubad","Sultan Alaeddin Kayqubad I"
"chr.kopek.name","Sa'd al-Din Ko'pek","Sadettin Köpek","Sa'd al-Din Kopek"
"cut.ep014_intro.01","Sultonning ovida shoshilinch qadam yo'q, bek. Faqat sabr bor.","Sultanın avında acele adım yoktur bey, yalnızca sabır vardır.","On the sultan's hunt there is no haste, bey — only patience."
"cut.ep014_intro.02","O'rmon jim. Qushlar uchmayapti. Kimdir bizdan oldin kelgan.","Orman sessiz. Kuşlar uçmuyor. Birileri bizden önce gelmiş.","The forest is silent. No birds rise. Someone came before us."
"cut.ep014_intro.03","Ko'zingiz o'tkir ekan, bek. Sizni shuning uchun chaqirdim.","Gözünüz keskinmiş bey. Sizi tam da bunun için çağırdım.","Your eye is sharp, bey. That is exactly why I summoned you."
"cut.ep014_intro.04","Ov — davlatning kichik surati. Kim kimni quvlayotganini ko'ring.","Av, devletin küçük bir suretidir. Kimin kimi kovaladığını görün.","A hunt is the state in miniature. See who chases whom."
"cut.ep014_intro.05","Mana xanjarim. Dastasi mix boshi — mix hech qachon yashirinmaydi.","İşte hançerim. Kabzası çivi başı — çivi asla saklanmaz.","Here is my dagger. Its hilt a nail head — nails never hide."
"cut.ep014_intro.06","Qurol emas, niyat yashirinmasligi kerak, emir hazratlari.","Silah değil, niyet saklanmamalıdır emir hazretleri.","Not the weapon, my emir — it is intent that must not hide."
"cut.ep015_intro.01","Bu yer bo'sh. Ertaga bu yerda oba nafas oladi.","Burası boş. Yarın burada bir oba nefes alacak.","This ground is empty. Tomorrow a tribe will breathe here."
"cut.ep015_intro.02","Birinchi qoziqni o'zing qoq. Zamin ismingni eslab qolsin.","İlk kazığı kendin çak. Toprak adını hatırlasın.","Drive the first stake yourself. Let the earth remember your name."
"cut.ep015_intro.03","Qoziq chuqur ketsin — chuqur ildiz shamoldan qo'rqmaydi.","Kazık derine insin — derin kök rüzgârdan korkmaz.","Let the stake go deep — deep roots do not fear wind."
"cut.ep015_intro.04","Temirxona tayyor, bek. Endi olov bizning tilimizda gapiradi.","Demirhane hazır bey. Artık ateş bizim dilimizde konuşuyor.","The forge is ready, bey. Now the fire speaks our tongue."
"cut.ep015_intro.05","Har mix bir maqsad uchun yasaladi. Bunisini buyurtma bilan yasadim.","Her çivi bir maksat için dövülür. Bunu sipariş üzerine dövdüm.","Every nail is forged for a purpose. This one was ordered."
"cut.ep015_intro.06","Kim buyurgan bo'lsa, bir kun uni tanib qolamiz.","Kim sipariş verdiyse, bir gün onu tanıyacağız.","Whoever ordered it, one day we will know his face."
"cut.ep015_intro.07","Chegarada olov ko'rinyapti. Kimdir tunda ko'chib kelmoqda.","Sınırda ateşler görünüyor. Birileri gece göç ediyor.","Fires on the border. Someone is moving through the night."
"cut.ep016_intro.01","O'n minglab odam. Birortasi bizga qilich ko'tarmadi.","On binlerce insan. Hiçbiri bize kılıç kaldırmadı.","Tens of thousands of people. Not one raised a sword."
"cut.ep016_intro.02","Amaki, noningiz bormi? Onam uch kundan beri uxlayapti.","Amca, ekmeğin var mı? Annem üç gündür uyuyor.","Uncle, have you bread? My mother has slept three days."
"cut.ep016_intro.03","Uchta nonim bor. Ikkitasini ol, onangni uyg'ot.","Üç ekmeğim var. İkisini al, anneni uyandır.","I have three loaves. Take two and wake your mother."
"cut.ep016_intro.04","Meni sarkarda deyishadi. Men esa och og'izlarni sanayman.","Bana kumandan diyorlar. Bense aç ağızları sayıyorum.","They call me a commander. I only count hungry mouths."
"cut.ep016_intro.05","Bu chandiqni mo'g'ul qoldirmadi. Uni o'z sultonim mixladi.","Bu izi Moğol bırakmadı. Bunu kendi sultanım çiviledi.","No Mongol left this scar. My own sultan nailed it there."
"cut.ep016_intro.06","Xiyonat qilmagan odamni faqat qo'rqoq sulton mixlaydi.","İhanet etmemiş bir adamı ancak korkak bir sultan çiviler.","Only a frightened sultan nails a man who never betrayed him."
"cut.ep016_intro.07","Bir kun siz ham qochasiz. O'shanda menda joy bor.","Bir gün siz de kaçacaksınız. O gün bende yer var.","One day you will flee too. I will keep a place."
"cut.ep017_intro.01","Konya devorlari toshdan emas — qog'oz va muhrdan qurilgan.","Konya'nın duvarları taştan değil — kâğıt ve mühürden örülmüş.","Konya's walls are not stone — they are paper and seals."
"cut.ep017_intro.02","Ochilmagan kitob devordir. Ochilsa — darvoza bo'ladi, bek.","Açılmamış kitap duvardır. Açılırsa kapı olur bey.","An unopened book is a wall. Opened, it becomes a gate."
"cut.ep017_intro.03","Men harflarni tanimayman. Lekin yolg'onni yozuvsiz ham o'qiyman.","Harfleri tanımıyorum. Ama yalanı yazısız da okurum.","I do not know letters. Yet I read a lie unwritten."
"cut.ep017_intro.04","Demak siz allaqachon o'qiy boshlagansiz. Faqat sabr qiling.","Öyleyse siz çoktan okumaya başlamışsınız. Yalnızca sabredin.","Then you have already begun to read. Only be patient."
"cut.ep017_intro.05","Muhringiz tayyor, bek. Men uni bir kechada topdim.","Mührünüz hazır bey. Onu bir gecede buldum.","Your seal is ready, bey. I found it in one night."
"cut.ep017_intro.06","Men sizga yordam berdim. Bir kun men ham so'rayman.","Ben size yardım ettim. Bir gün ben de isteyeceğim.","I have helped you, bey. One day I shall ask as well."
"cut.ep017_intro.07","So'rang. Lekin men qarzni qilich bilan to'lamayman.","İsteyin. Fakat ben borcu kılıçla ödemem.","Ask, then. But I will not pay a debt with steel."
"cut.ep018_intro.01","Yaylov gullagan. Bu yozni bolalar umrbod eslab qoladi.","Yayla çiçek açtı. Bu yazı çocuklar ömür boyu hatırlar.","The high pasture is in bloom. The children will remember this summer."
"cut.ep018_intro.02","Kamonni o'zim yasadim. Yog'ochi yosh, xuddi sening kabi.","Yayı kendim yaptım. Ağacı genç, tıpkı senin gibi.","I made this bow myself. Its wood is young, like you."
"cut.ep018_intro.03","Ota, sening qo'ling katta. Menikiga sig'maydi.","Baba, senin elin büyük. Benimkine sığmıyor.","Father, your hand is big. Mine cannot hold it."
"cut.ep018_intro.04","Bir kun mening qo'lim senga kichkina ko'rinadi, o'g'lim.","Bir gün benim elim sana küçük görünecek oğlum.","One day my hand will look small to you, my son."
"cut.ep018_intro.05","Bek, tog' etagida chorva yiqilyapti. Bo'rilar ham g'alati.","Bey, dağ eteğinde hayvanlar düşüyor. Kurtlar da tuhaf.","Bey, cattle are falling below the ridge. The wolves act strangely."
"cut.ep018_intro.06","Bayram to'xtamasin. Lekin bu kecha qo'riqchini ko'paytiramiz.","Şenlik durmasın. Ama bu gece nöbeti çoğaltacağız.","Let the feast go on. But tonight we double the watch."
"cut.ep018_intro.07","Chopar keldi. Sulton kasal — Kubadabadga chaqiryapti.","Ulak geldi. Sultan hasta — Kubadabad'a çağırıyor.","A rider came. The sultan is ill — he summons you to Kubadabad."
"cut.ep019_intro.01","Bu dasturxonda hamma do'st. Shuning uchun men ehtiyot bo'laman.","Bu sofrada herkes dosttur. Ben de bu yüzden ihtiyatlıyım.","At this table everyone is a friend. That is why I stay careful."
"cut.ep019_intro.02","Kimdir yemayapti, hazratim. Kimdir qo'lini juda ko'p yuvyapti.","Biri yemek yemiyor hazretlerim. Biri de ellerini fazlaca yıkıyor.","Someone is not eating, my lord. Someone washes his hands too often."
"cut.ep019_intro.03","Siz juda ko'p ko'rasiz, bek. Ko'zni yopib bo'ladi, qo'lni ham.","Siz çok görüyorsunuz bey. Göz kapatılabilir, el de.","You see too much, bey. An eye can be closed. A hand too."
"cut.ep019_intro.04","Otamning kosasi to'ldi. Endi hamma jim tursin.","Babamın kâsesi doldu. Artık herkes sussun.","My father's cup is full. Let everyone be silent now."
"cut.ep019_intro.05","Bu ta'mni bilaman... Bu taom emas, bu hukm.","Bu tadı biliyorum... Bu yemek değil, bu bir hüküm.","I know this taste... This is not food. This is a verdict."
"cut.ep019_intro.06","Sulton yiqildi! Eshiklarni yoping, hech kim chiqmasin!","Sultan düştü! Kapıları kapatın, kimse çıkmasın!","The sultan has fallen! Bar the doors — let no one leave!"
"cut.ep019_intro.07","Kech bo'ldi, bek. Endi taxt yangi ismni kutmoqda.","Geç kaldınız bey. Artık taht yeni bir isim bekliyor.","Too late, bey. The throne now waits for a new name."
"cut.ep020_intro.01","Bozor ochiq, bek. Lekin hech kim savdo qilmayapti.","Pazar açık bey. Ama kimse alışveriş etmiyor.","The market is open, bey. Yet no one is trading."
"cut.ep020_intro.02","Har burchakda yangi jasad. Konya nafasini yutib turibdi.","Her köşede yeni bir ceset. Konya nefesini tutmuş.","A fresh corpse on every corner. Konya is holding its breath."
"cut.ep020_intro.03","Anavi devordagi mixlar hali qurimagan, bek. Qon yangi.","Şu duvardaki çiviler henüz kurumamış bey. Kan taze.","The nails in that wall are still wet, bey. The blood is fresh."
"cut.ep020_intro.04","Qo'rquv qilichdan tez tarqaladi. Uni faqat guvoh to'xtatadi.","Korku kılıçtan hızlı yayılır. Onu ancak şahit durdurur.","Fear spreads faster than steel. Only a witness can stop it."
"cut.ep020_intro.05","Xush kelibsiz, bek. Shahar bugun juda tartibli, ko'rdingizmi?","Hoş geldiniz bey. Şehir bugün pek düzenli, gördünüz mü?","Welcome, bey. The city is very orderly today — did you notice?"
"cut.ep020_intro.06","Farmon yozildi: bek Ertug'rul Konyaga kelsin. Yolg'iz.","Ferman yazıldı: Bey Ertuğrul Konya'ya gelsin. Yalnız.","The decree is written: Bey Ertugrul shall come to Konya. Alone."
"cut.ep020_intro.07","Kelaman. Yolg'iz emas — men bilan barcha guvohlar keladi.","Geleceğim. Yalnız değil — benimle bütün şahitler gelecek.","I will come. Not alone — every witness comes with me."
"chr.kayqubad.name","Sulton Alouddin Kayqubod","Sultan Alâeddin Keykubad","Sultan Alaeddin Kayqubad"
"chr.kaykhusraw.name","G'iyosiddin Kayxusrav II","Gıyaseddin Keyhüsrev II","Ghiyath al-Din Kaykhusraw II"
"chr.kir_khan.name","Kir Xon","Kır Han","Kir Khan"
"chr.rumi.name","Jaloliddin Rumiy","Celâleddin Rûmî","Jalal al-Din Rumi"
"chr.gunduz.name","Gunduz","Gündüz","Gunduz"
"chr.orphan_boy.name","Yetim bola","Öksüz çocuk","Orphan Boy"
"chr.xizmatkor.name","Xizmatkor","Hizmetkâr","Servant"
"chr.husam.name","Husomiddin Qaraja","Hüsameddin Karaca","Husameddin Karaca"
"chr.sungur.name","Sung'ur","Sungur","Sungur"
"chr.jallod.name","Jallod","Cellat","Executioner"
"chr.haci_bektas.name","Hoji Bektosh Vali","Hacı Bektaş Veli","Haji Bektash Veli"
"chr.darvesh.name","Darvesh","Derviş","Dervish"
"chr.bola.name","Bola","Çocuk","Boy"
"chr.gulbahor.name","Gulbahor Ona","Gülbahar Ana","Mother Gulbahar"
"chr.tekin.name","Tekin Bek","Tekin Bey","Tekin Bey"
"cut.ep021_intro.01","Ikki yuz kishilik han. Va faqat bitta stol.","İki yüz kişilik bir han. Ve tek bir sofra.","An inn built for two hundred. And one table."
"cut.ep021_intro.02","Men bo'shliqni yaxshi ko'raman, bek. U yolg'on gapirmaydi.","Boşluğu severim, Bey. Boşluk yalan söylemez.","I am fond of emptiness, Bey. Emptiness never lies."
"cut.ep021_intro.03","Meni yolg'iz chaqirdingiz. Buning sababini ayting.","Beni buraya yalnız çağırdınız. Bunun sebebini söyleyin.","You called me here alone. Tell me the reason."
"cut.ep021_intro.04","Yolg'iz kelgan odam haqiqatni aytadi, bek. Yolg'iz.","Yalnız gelen adam doğruyu söyler, Bey. Yalnız.","A man who comes alone speaks the truth, Bey."
"cut.ep021_intro.05","Men so'z uchun keldim, savdolashish uchun emas.","Söz için geldim, pazarlık için değil.","I came here for words, not for a bargain."
"cut.ep021_intro.06","Har bir so'z savdo. Narxini keyinroq bilib olasiz.","Her söz bir pazarlıktır. Bedelini sonra öğrenirsiniz.","Every word is a bargain. You learn its price later."
"cut.ep022_intro.01","Ufqda qizil yorug'lik bor, bek. Bu nima?","Ufukta kızıl bir ışık var, Bey. Nedir bu?","There is a red light on the horizon, Bey. What is it?"
"cut.ep022_intro.02","Yong'in. Bu tunda kimningdir qishlog'i yonmoqda.","Yangın. Bu gece birilerinin köyü yanıyor.","Fire. Tonight someone's village is burning down."
"cut.ep022_intro.03","Qanchalik uzoq? Ko'zim bu masofani o'lchay olmayapti.","Ne kadar uzakta? Gözüm bu mesafeyi ölçemiyor.","How far is it? My eye cannot measure that distance."
"cut.ep022_intro.04","Uch kunlik yo'l. Yaxshi ot bilan uch kun.","Üç günlük yol. İyi bir atla tam üç gün.","Three days' ride. Three days on a good horse."
"cut.ep022_intro.05","Unda nega u bu yerdan ko'rinadi, bek? Nega?","Öyleyse neden buradan görünüyor, Bey? Neden?","Then why can we see it from here, Bey? Why?"
"cut.ep022_intro.06","Chunki yonayotgani bitta qishloq emas. Butun chegara yonmoqda.","Çünkü yanan tek bir köy değil. Bütün sınır yanıyor.","Because it is not one village. The whole border burns."
"cut.ep023_intro.01","Devorda bir narsa osilib turibdi, bek. U odam.","Duvarda bir şey asılı duruyor, Bey. O bir adam.","Something hangs upon the wall, Bey. It is a man."
"cut.ep023_intro.02","Sa'd ad-Din Ko'pek. Bir yillik hokimiyat, bir tunlik oxir.","Sadettin Köpek. Bir yıllık iktidar, bir gecelik son.","Sadettin Kopek. A year of power, one night's ending."
"cut.ep023_intro.03","Uni men o'ldirdim, Ertug'rul Bek. Siz kechikdingiz.","Onu ben öldürdüm, Ertuğrul Bey. Siz geç kaldınız.","It was I who killed him, Ertugrul Bey. You came late."
"cut.ep023_intro.04","Men uning o'limi uchun kelmadim. Qog'ozlari uchun keldim.","Onun ölümü için gelmedim. Kâğıtları için geldim.","I did not come for his death. I came for his papers."
"cut.ep023_intro.05","Xonasi yonmoqda. Qog'ozlar kul bo'lmoqda, shoshiling.","Odası yanıyor. Kâğıtlar kül oluyor, acele edin.","His room is burning. The papers turn to ash, hurry."
"cut.ep023_intro.06","Kul ham gapiradi. Faqat uni o'qiy bilish kerak.","Kül de konuşur. Yeter ki okumasını bilesin.","Ash speaks as well. One only needs to read it."
"cut.ep024_intro.01","Bu yerda o'n ikki qorovul bor edi. Endi bittasi ham yo'q.","Burada on iki nöbetçi vardı. Şimdi bir tanesi bile yok.","Twelve guards stood here. Now not even one remains."
"cut.ep024_intro.02","Ular ketdi, bek. Sizni men kutdim, boshqa hech kim emas.","Onlar gitti, Bey. Sizi ben bekledim, başka kimse değil.","They are gone, Bey. I waited for you, no one else."
"cut.ep024_intro.03","Xaritani sen chizding. O'z obangni sotding, Sung'ur.","Haritayı sen çizdin. Kendi obanı sattın, Sungur.","You drew that map. You sold your own camp, Sungur."
"cut.ep024_intro.04","Men sotmadim, bek. Men faqat tirik qolishni tanladim.","Ben satmadım, Bey. Sadece hayatta kalmayı seçtim.","I sold nothing, Bey. I merely chose to stay alive."
"cut.ep024_intro.05","Eshikni yoping. Bek endi hech qayerga shoshilmaydi.","Kapıyı kapatın. Bey artık hiçbir yere acele etmiyor.","Shut the door. The Bey is in no hurry now."
"cut.ep024_intro.06","Olovni ko'taring. Va stolni tozalab qo'ying.","Ateşi harlayın. Ve sofrayı temizleyip hazırlayın.","Build up the fire. And clear the table for me."
"cut.ep025_intro.01","Uch kun. Yoki uch yil. Qor sanoqni yeb qo'ydi.","Üç gün. Ya da üç yıl. Kar sayıyı yuttu.","Three days. Or three years. The snow ate the count."
"cut.ep025_intro.02","Tur, o'g'lim. Yer sovuq, lekin u seni chaqirmadi.","Kalk oğlum. Toprak soğuk, ama seni çağırmadı.","Rise, my son. The earth is cold, but it has not called you."
"cut.ep025_intro.03","Qo'lim yo'q, ota. Men endi qilich ko'tara olmayman.","Elim yok, baba. Artık kılıç kaldıramam.","My hand is gone, father. I can lift no sword now."
"cut.ep025_intro.04","Qilichni qo'l ko'tarmaydi, o'g'lim. Uni niyat ko'taradi.","Kılıcı el kaldırmaz, oğlum. Onu niyet kaldırır.","A hand does not lift the sword, son. Intent lifts it."
"cut.ep025_intro.05","Unda men hali o'lmaganman. Men faqat sinmoqdaman.","Öyleyse ben daha ölmedim. Ben sadece kırılıyorum.","Then I am not dead yet. I am only breaking."
"cut.ep025_intro.06","Sinmoq yo'lning oxiri emas. U yo'lning boshlanishi.","Kırılmak yolun sonu değil. O yolun başlangıcıdır.","Breaking is not the road's end. It is its beginning."
"cut.ep026_intro.01","Uni g'or og'zida topdik, ota. Qorda yotgan edi.","Onu mağaranın ağzında bulduk, baba. Karda yatıyordu.","We found him at the cave mouth, father. Lying in snow."
"cut.ep026_intro.02","O'ng qo'ling bilan olma. U endi senga xizmat qilmaydi.","Sağ elinle alma. O artık sana hizmet etmiyor.","Do not take it with your right hand. It serves you no longer."
"cut.ep026_intro.03","Men uni hali ham o'zimniki deb bilaman, ota.","Ben onu hâlâ kendimden sayıyorum, baba.","I still count that hand as my own, father."
"cut.ep026_intro.04","Bilaver. Lekin piyolani chap qo'ling bilan ol.","Say öyleyse. Ama tası sol elinle al.","Count it so. But take the cup with your left hand."
"cut.ep026_intro.05","Menga achinyapsizmi, ota? Bu rahmingiz keldimi?","Bana acıyor musunuz, baba? Bu merhamet midir?","Do you pity me, father? Is this your mercy?"
"cut.ep026_intro.06","Yo'q. Men senga havas qilyapman, bolam.","Hayır, acımıyorum. Ben sana imreniyorum, evladım.","No. I envy you, my child."
"cut.ep026_intro.07","Ko'pchilik qo'lsiz o'zi kim ekanini hech qachon bilmaydi.","Çoğu insan elsiz kim olduğunu hiçbir zaman bilmez.","Most men never learn who they are without a hand."
"cut.ep027_intro.01","Bayroq boshqa. Lekin bu chodirlar bir vaqtlar meniki edi.","Bayrak başka. Ama bu çadırlar bir zamanlar benimdi.","The banner is different. But these tents were once mine."
"cut.ep027_intro.02","Ona! Ona, bir begona keldi! Qo'li osilib qolgan!","Anne! Anne, bir yabancı geldi! Eli sarkıyor!","Mother! Mother, a stranger has come! His hand hangs limp!"
"cut.ep027_intro.03","Yaqin kelma, yo'lovchi. Bu oba motam tutmoqda.","Yaklaşma, yolcu. Bu oba yas tutuyor.","Come no closer, traveler. This camp is in mourning."
"cut.ep027_intro.04","Kim uchun motam tutasiz, ona? Ismini ayting.","Kimin için yas tutuyorsunuz, ana? Adını söyleyin.","For whom do you mourn, mother? Speak his name."
"cut.ep027_intro.05","Bekimiz uchun. Toshda ismi bor, anavi tepada.","Beyimiz için. Adı taşta yazılı, şu tepede.","For our Bey. His name is on the stone, up there."
"cut.ep027_intro.06","Bek o'ldi, yo'lovchi. Bu oba endi mening qo'limda.","Bey öldü, yolcu. Bu oba artık benim elimde.","The Bey is dead, traveler. This camp is in my hands now."
"cut.ep028_intro.01","Bozor jim. Jim bozor har doim yomon xabar keltiradi.","Çarşı sessiz. Sessiz çarşı her zaman kötü haber getirir.","The market is silent. Silent markets always carry bad news."
"cut.ep028_intro.02","Mato Halabdan keldi, bek. Arzon beraman, foydangizga bo'ladi.","Kumaş Halep'ten geldi bey. Ucuza veririm, kârınıza olur.","This cloth came from Aleppo, bey. Cheap, and to your profit."
"cut.ep028_intro.03","Yengingni tushir, savdogar. Oltin savdoga aralashmaydi.","Yenini indir tüccar. Altın alışverişe karışmaz.","Lower your sleeve, merchant. Gold takes no part in trade."
"cut.ep028_intro.04","Men hech narsa ko'rsatmadim. Siz ham hech narsa ko'rmadingiz.","Ben hiçbir şey göstermedim. Siz de hiçbir şey görmediniz.","I showed you nothing. And you saw nothing at all."
"cut.ep028_intro.05","Turgut! Yo'lni to's. U Sivasga qochmoqchi.","Turgut! Yolu kes. Sivas'a kaçmak istiyor.","Turgut! Cut the road. He means to flee toward Sivas."
"cut.ep028_intro.06","Ortidan boraman, bek. Oltin o'z egasini aytib beradi.","Peşinden gidiyorum bey. Altın sahibini kendi söyler.","I am after him, bey. Gold always names its owner."
"cut.ep029_intro.01","Dasht juda tinch. Bunday tinchlik ham qurol bo'ladi.","Bozkır fazla sakin. Böyle bir sessizlik de silahtır.","The steppe is too quiet. Such quiet is also a weapon."
"cut.ep029_intro.02","Bek, ufqda chang bor. Bir chavandoz... yo'q, o'nta.","Bey, ufukta toz var. Bir atlı... hayır, on atlı.","Bey, dust on the horizon. One rider... no, ten of them."
"cut.ep029_intro.03","Orqamizda ham bor. Chapda ham. Doira yopilyapti.","Arkamızda da varlar. Solda da. Halka kapanıyor.","They are behind us too. And left. The circle is closing."
"cut.ep029_intro.04","Bu ov emas, bu mashq. Ular bizni o'lchashyapti.","Bu av değil, talim. Bizi ölçüyorlar.","This is not a hunt but a drill. They measure us."
"cut.ep029_intro.05","O'qlarni sanang. Har o'q qo'limdan bir tomchi qon.","Okları sayın. Her ok elimden bir damla kan demek.","Count your arrows. Each arrow costs my hand a drop."
"cut.ep029_intro.06","Zaif joy shimolda, bek. U yerdagi otlar charchagan.","Zayıf yer kuzeyde bey. Oradaki atlar yorulmuş.","The weak point lies north, bey. Their horses are spent."
"cut.ep029_intro.07","Quvishmadi. Anavi qo'l ko'tardi, bu salom emas.","Kovalamadılar. Şu adam el kaldırdı, bu selam değil.","They did not pursue. That raised hand is no greeting."
"cut.ep030_intro.01","Devor uch joyda ingichka, bek. Vaqtimiz juda oz.","Sur üç yerde ince bey. Vaktimiz çok az.","The wall is thin in three places, bey. Time is short."
"cut.ep030_intro.02","Tosh og'ir emas. Og'irligi uni kim ko'targanida.","Taş ağır değil. Ağırlığı onu kimin taşıdığındadır.","The stone is not heavy. Its weight is in who carries it."
"cut.ep030_intro.03","Men ham ko'taraman, bek. Menda ikki qo'l bor.","Ben de taşırım bey. Benim iki elim var.","I can carry too, bey. I still have both hands."
"cut.ep030_intro.04","Bir qo'l ham yetadi, bolam. Yurak sanaladi.","Bir el de yeter oğlum. Sayılan yürektir.","One hand is enough, child. It is the heart that counts."
"cut.ep030_intro.05","Ufqda chang, bek. Qamal mashinalarini sudrab kelishyapti.","Ufukta toz var bey. Kuşatma makinelerini sürüklüyorlar.","Dust on the horizon, bey. They drag siege engines behind."
"cut.ep030_intro.06","Ayollar va bolalar ichkariga. Devor bizga qoladi.","Kadınlar ve çocuklar içeri. Sur bize kalır.","Women and children inside. The wall stays with us."
"cut.ep030_intro.07","To'lqin chekindi, lekin ketmadi. Qarang, oq tug'.","Dalga çekildi ama gitmedi. Bakın, ak tuğ.","The wave pulled back but did not leave. Look, white standard."
"cut.ep031_intro.01","O'n uch yil o'tdi. Bu safar mehmon bo'lib kirding.","On üç yıl geçti. Bu kez misafir olarak girdin.","Thirteen years have passed. This time you enter as guest."
"cut.ep031_intro.02","O'sha darvoza. O'sha hovli. Faqat odamlar boshqa.","Aynı kapı. Aynı avlu. Sadece insanlar başka.","The same gate. The same yard. Only the men changed."
"cut.ep031_intro.03","Qo'lingni ko'rsat. Menikida ham o'sha teshik bor.","Elini göster. Benimkinde de aynı delik var.","Show me your hand. Mine carries the very same hole."
"cut.ep031_intro.04","Bek, oq plashga ishonch yo'q. O'sha tun yodingizdami?","Bey, ak pelerine güven olmaz. O geceyi hatırlıyor musunuz?","Bey, no white cloak is trustworthy. Do you recall that night?"
"cut.ep031_intro.05","Qora bulut kelganda soya tanlab o'tirilmaydi, Turgut.","Kara bulut gelince gölge seçilmez, Turgut.","When the black cloud comes, one does not choose shade."
"cut.ep031_intro.06","Mix qo'lni emas, ismni teshadi. Sening isming nima?","Çivi eli değil, ismi deler. Senin ismin nedir?","The nail pierces the name, not the hand. Your name?"
"cut.ep031_intro.07","Ertug'rul. Va bu ism hali tugagani yo'q.","Ertuğrul. Ve bu isim henüz bitmedi.","Ertugrul. And that name is not finished yet."
"cut.ep032_intro.01","Qirq ming chodir. Bu to'da emas, bu davlat.","Kırk bin çadır. Bu bir sürü değil, bu devlet.","Forty thousand tents. This is no horde. This is a state."
"cut.ep032_intro.02","Yorliqni ko'rsating. Ismingiz daftarga yozib qo'yiladi.","Yarlığı gösterin bey. İsminiz deftere yazılacak.","Show your tablet. Your name goes into the ledger."
"cut.ep032_intro.03","Yozing. Men ham ularning hisobida turaverayin.","Yazın. Ben de onların hesabında durayım.","Write it. Let me stand in their reckoning as well."
"cut.ep032_intro.04","Qo'lingni ko'rsat. Yaqinroq kel, men yaxshi ko'raman.","Elini göster. Yaklaş, ben iyi görürüm.","Show me your hand. Come closer, my eyes are sharp."
"cut.ep032_intro.05","Bu mo'g'ul ishi emas. Buni o'z xalqing qilgan.","Bu Moğol işi değil. Bunu kendi halkın yaptı.","This is no Mongol work. Your own people did this."
"cut.ep032_intro.06","Sizlar tez o'ldirasiz. Bu rahm emas, shoshilish.","Siz çabuk öldürürsünüz. Bu merhamet değil, aceledir.","You kill quickly. That is not mercy, only haste."
"cut.ep032_intro.07","Bir yildan keyin Sivasda bo'laman. Men shoqollarni sanayman.","Bir yıl sonra Sivas'ta olacağım. Ben çakalları sayarım.","In one year I will be at Sivas. I count jackals."
"cut.ep033_intro.01","Ular o'ttiz ming. Biz undan olti barobar ko'pmiz.","Onlar otuz bin. Biz ondan altı kat fazlayız.","They are thirty thousand. We are six times their number."
"cut.ep033_intro.02","Amirlar pichirlashyapti, bek. Hammasi qo'lingizga qarayapti.","Beyler fısıldaşıyor bey. Hepsi elinize bakıyor.","The emirs are whispering, bey. They all watch your hand."
"cut.ep033_intro.03","Mayli, qarashsin. Men xaritaga qarayman, ularga emas.","Varsın baksınlar. Ben haritaya bakarım, onlara değil.","Let them look. I watch the map, not their faces."
"cut.ep033_intro.04","Kose Dag' tor. U yerda ko'p qo'shin sig'maydi.","Köse Dağ dardır. Orada kalabalık ordu sığmaz.","Kose Dag is narrow. A great army cannot deploy there."
"cut.ep033_intro.05","Biz ularni sonimiz bilan bosamiz. Kengash tugadi.","Onları sayımızla ezeceğiz. Divan sona ermiştir.","We will crush them with numbers. This council is ended."
"cut.ep033_intro.06","U hech qachon mo'g'ulni o'z ko'zi bilan ko'rmagan.","O hiçbir zaman bir Moğol'u kendi gözüyle görmedi.","He has never seen a Mongol with his own eyes."
"cut.ep033_intro.07","Sonni sanash oson, bek. Qo'rquvni sanash qiyin.","Sayıyı saymak kolay bey. Korkuyu saymak zordur.","Counting numbers is easy, bey. Counting fear is hard."
"cut.ep034_intro.01","Lager jim, bek. Bugun hech kim qo'shiq aytmayapti.","Ordugâh sessiz bey. Bugün kimse türkü söylemiyor.","The camp is silent, bey. No one is singing tonight."
"cut.ep034_intro.02","Bugun so'nggi tinch kun. Ertaga nog'ora uriladi.","Bugün son sakin gün. Yarın davullar vurulacak.","Today is the last quiet day. Tomorrow the drums speak."
"cut.ep034_intro.03","Qilichni charxladim, bek. Bilagingizga bog'lab qo'yaymi?","Kılıcı biledim. Bileğine bağlayayım mı bey?","I sharpened the blade. Shall I bind it to your wrist?"
"cut.ep034_intro.04","Bog'la. Qilich endi qo'ldan emas, niyatdan tushadi.","Bağla. Kılıç artık elden değil, niyetten düşer.","Bind it. A blade now falls from will, not hand."
"cut.ep034_intro.05","Bek, haqingizni halol qiling. Agar men qaytmasam...","Bey, hakkınızı helal edin. Eğer dönmezsem...","Bey, grant me your blessing. If I do not return..."
"cut.ep034_intro.06","Halol bo'lsin, Bamsi. Sen ham mendan haqingni ol.","Helal olsun Bamsı. Sen de hakkını benden al.","It is granted, Bamsi. Take what is yours from me."
"cut.ep034_intro.07","Tong yaqin. Har birimiz bir narsa qoldiramiz.","Şafak yakın. Her birimiz bir şey bırakırız.","Dawn is near. Each of us leaves something behind."
"chr.yakub.name","Yoqub Savdogar","Yakup Tüccar","Yakub the Merchant"
"chr.mongol_chavandoz.name","Mo'g'ul chavandozi","Moğol Süvarisi","Mongol Rider"
"chr.arslan_bek.name","Arslon Bek","Arslan Bey","Arslan Bey"
"chr.tashchi_bola.name","Toshkash bola","Taş Taşıyan Çocuk","Stone-Carrier Boy"
"chr.uygur_kotib.name","Uyg'ur kotibi","Uygur Kâtip","Uyghur Scribe"
"chr.keyhusrev.name","Kayxusrav II","II. Keyhüsrev","Kaykhusraw II"
"chr.emir_sharaf.name","Amir Sharafiddin","Emir Şerafeddin","Emir Sharafeddin"
"chr.mongol_katib.name","Mo'g'ul kotibi","Moğol Kâtibi","Mongol Scribe"
"chr.darugachi.name","Darug'achi","Daruğaçı","Darughachi"
"chr.kosta.name","Keksa Kosta","İhtiyar Kosta","Old Kosta"
"chr.ahi_evren.name","Axiy Evran","Ahi Evran","Ahi Evran"
"chr.abdurrahman.name","Abdurahmon G'oziy","Abdurrahman Gazi","Abdurrahman Gazi"
"cut.ep035_intro.01","Tuman ko'tarilyapti. Safdan ko'z uzmang, alplar.","Sis kalkıyor. Gözünüzü saftan ayırmayın, alplar.","The fog is lifting. Do not leave the line, alps."
"cut.ep035_intro.02","Ro'parada shunchami? Bu qo'shin emas, bir hovuch chang.","Karşıda bu kadar mı? Bu ordu değil, bir avuç toz.","Is that all of them? That is dust, not an army."
"cut.ep035_intro.03","Ular sanashni biladi. Bizni allaqachon sanab bo'lishgan.","Onlar saymayı bilir. Bizi çoktan saymışlar.","They know how to count. They have counted us already."
"cut.ep035_intro.04","Bek, buyruq yo'q. Oldinga yurishga ruxsat berilmadi.","Bey, emir yok. İleri yürümeye izin verilmedi.","Bey, no order has come. We are not to advance."
"cut.ep035_intro.05","Qochsalar quvamiz. G'alaba tuman ortida turibdi.","Kaçarlarsa kovalarız. Zafer sisin ardında bekliyor.","If they run, we chase. Victory waits behind that fog."
"cut.ep035_intro.06","Qochgan bo'ri emas, qochgan bo'lib ko'ringan bo'ri qo'rqinchli.","Kaçan kurt değil, kaçıyor görünen kurt korkunçtur.","Fear not the fleeing wolf, but the wolf feigning flight."
"cut.ep036_intro.01","Hunaring nima? Ayt va navbatni to'xtatma.","Zanaatın ne? Söyle ve sırayı bekletme.","What is your craft? Speak and keep the line moving."
"cut.ep036_intro.02","Odamning qadri qo'lidagi hunar bilan o'lchanmaydi.","Bir insanın kıymeti elindeki zanaatla ölçülmez.","A man's worth is not measured by his trade."
"cut.ep036_intro.03","Bu yerda o'lchanadi. Chapga hayot, o'ngga tuproq.","Burada ölçülür. Sola hayat, sağa toprak.","Here it is. Left means life, right means the ground."
"cut.ep036_intro.04","Men seni qidirdim, bek. Qo'lingdan tanidim.","Seni aradım, bey. Ve elinden tanıdım.","I searched for you, bey. I knew you by your hand."
"cut.ep036_intro.05","Qo'lni yashirdim, nomni emas. Nom yashirilmaydi.","Elimi sakladım, adımı değil. Ad saklanmaz.","I hid my hand, not my name. Names cannot hide."
"cut.ep036_intro.06","Ikkinchi mixni saqladim. Vaqti kelganda qoqaman.","İkinci çiviyi sakladım. Vakti gelince çakarım.","I kept the second nail. I will drive it later."
"cut.ep037_intro.01","Uch yuz o'ttiz olti. Har arava — bir qish.","Üç yüz otuz altı. Her araba bir kış demek.","Three hundred thirty six. Each cart is one winter gone."
"cut.ep037_intro.02","O'n ikki million tanga, besh ming qo'y. Yozildi.","On iki milyon akçe, beş bin koyun. Yazıldı.","Twelve million coins, five thousand sheep. It is written."
"cut.ep037_intro.03","Bek, bu son emas. Bu — obaning qorni.","Bey, bu sayı değil. Bu obanın karnı.","Bey, that is not a number. That is our bread."
"cut.ep037_intro.04","Bilaman. Shuning uchun har arava sanalishi kerak.","Biliyorum. Bu yüzden her araba sayılmalı.","I know. That is why every cart must be counted."
"cut.ep037_intro.05","Qo'ling nogiron ekan. Unda soliging yarim bo'lsin.","Elin sakatmış. Öyleyse vergin yarı olsun.","Your hand is crippled. Then pay only half the tax."
"cut.ep037_intro.06","Yarmi ham og'ir. Lekin men to'liq to'layman.","Yarısı da ağır. Ama ben tamamını öderim.","Half is heavy too. Yet I will pay in full."
"cut.ep038_intro.01","Bir ming ikki yuz jon. Hammasi seni kutyapti.","Bin iki yüz can. Hepsi seni bekliyor.","Twelve hundred souls. Every one of them waits for you."
"cut.ep038_intro.02","Ular meni emas, yo'lni kutishyapti. Yo'l g'arbda.","Beni değil, yolu bekliyorlar. Yol batıda.","They wait for the road, not for me. It runs west."
"cut.ep038_intro.03","Qariyalar ortda qolyapti. Ularni kim ko'tarib boradi?","Yaşlılar geride kalıyor. Onları kim taşıyacak?","The old ones fall behind. Who will carry them onward?"
"cut.ep038_intro.04","Ko'chgan el orqasiga qaramaydi, deyishardi. Yolg'on ekan.","Göçen el geriye bakmaz derlerdi. Yalanmış.","They said a moving tribe never looks back. They lied."
"cut.ep038_intro.05","Bu safar qaraymiz. Va hech kimni qoldirmaymiz.","Bu sefer bakacağız. Ve kimseyi bırakmayacağız.","This time we look back. And we leave no one."
"cut.ep038_intro.06","Qo'ling yana qonayapti. Kechqurun bog'lab qo'yaman.","Elin yine kanıyor. Akşam onu sararım.","Your hand is bleeding again. I will bind it tonight."
"cut.ep038_intro.07","Sakarya ortida yangi tuproq bor. Yurishda davom etamiz.","Sakarya'nın ardında yeni toprak var. Yürümeye devam ediyoruz.","New earth lies beyond the Sakarya. We keep walking."
"cut.ep039_intro.01","O'ttiz uy. O'n oltitasidan hali tutun chiqyapti.","Otuz ev. On altısından hâlâ duman çıkıyor.","Thirty houses. Sixteen of them still have smoke rising."
"cut.ep039_intro.02","Bek, eshiklar ichkaridan berkitilgan. Ular bizdan qo'rqishyapti.","Bey, kapılar içeriden sürgülü. Bizden korkuyorlar.","Bey, the doors are barred from inside. They fear us."
"cut.ep039_intro.03","Bu yerga oldin ham kelganlar bo'lgan. Hammasi ketgan.","Buraya önce de gelenler oldu. Hepsi gitti.","Others came here before you. Every one of them left."
"cut.ep039_intro.04","Biz ketmaymiz, ota. Biz bu yerda qolamiz.","Biz gitmeyeceğiz, baba. Biz burada kalacağız.","We will not leave, old father. We stay here."
"cut.ep039_intro.05","Har kelgan shuni aytgan. Faqat qabrlari qolgan.","Her gelen bunu söyledi. Sadece mezarları kaldı.","Everyone who came said that. Only their graves stayed."
"cut.ep039_intro.06","Unda mixni devorga qoqaman. Devor esda tutsin.","O hâlde çiviyi duvara çakarım. Duvar hatırlasın.","Then I drive a nail into the wall. Let it remember."
"cut.ep040_intro.01","Bek, ovqat berishdi. Na pul, na ismimizni so'rashdi.","Bey, yemek verdiler. Ne para sordular, ne adımızı.","Bey, they fed us. They asked neither coin nor name."
"cut.ep040_intro.02","Bu yerda mehmon so'ramaydi, ostona o'zi beradi.","Burada misafir istemez, eşik kendi verir.","Here a guest does not ask. The threshold itself gives."
"cut.ep040_intro.03","Har berilgan nonning orqasida bir hisob turadi.","Her verilen ekmeğin ardında bir hesap vardır.","Behind every loaf given there stands some reckoning."
"cut.ep040_intro.04","Hisob bor: ertaga bizning o'choqda bir kun ishlaysan.","Hesap var: yarın ocağımızda bir gün çalışacaksın.","There is one: tomorrow you work a day at our forge."
"cut.ep040_intro.05","Qo'lim shikast, usta. Bolg'a menga bo'ysunmaydi.","Elim sakat, usta. Çekiç bana boyun eğmez.","My hand is broken, master. The hammer will not obey."
"cut.ep040_intro.06","Bolg'a kuch emas, ritm so'raydi. Ritmni yurak beradi.","Çekiç güç değil, ritim ister. Ritmi yürek verir.","A hammer asks rhythm, not strength. The heart gives rhythm."
"cut.ep041_intro.01","Bek, devor baland. Narvonlarimiz yetmaydi, o'lchab ko'rdik.","Bey, duvar yüksek. Merdivenlerimiz yetmiyor, ölçtük.","Bey, the wall is high. Our ladders fall short."
"cut.ep041_intro.02","Devorni ko'z bilan emas, kaft bilan o'qiydilar.","Bir duvar gözle değil, avuçla okunur.","A wall is read with the palm, not the eye."
"cut.ep041_intro.03","Mana bu toshlar yangi. Bu yer ta'mirlangan, bek.","Şu taşlar yeni. Burası onarılmış, bey.","These stones are new. This section was repaired, bey."
"cut.ep041_intro.04","Ta'mir — yara izi. Yara esa har doim zaif.","Onarım bir yara izidir. Yara ise hep zayıftır.","A repair is a scar. And scars are always weak."
"cut.ep041_intro.05","Podkopmi, taranmi? Aytsangiz, tunda ish boshlaymiz.","Lağım mı, koç başı mı? Söyleyin, gece başlarız.","Tunnel or ram? Say the word and we start tonight."
"cut.ep041_intro.06","Ikkisi ham. Biri ko'rinsin, ikkinchisi ko'rinmasin.","İkisi de. Biri görünsün, diğeri görünmesin.","Both. Let one be seen, and the other stay hidden."
"chr.savci.name","Savchi Bek","Savcı Bey","Savci Bey"
"chr.osman.name","Usmon","Osman","Osman"
"chr.theodoros.name","Hakim Teodoros","Hekim Theodoros","Physician Theodoros"
"chr.hamza.name","Hamza","Hamza","Hamza"
"cut.ep042_intro.01","Bu kamonni men o'n sakkiz yil oldin yasagandim.","Bu yayı ben on sekiz yıl önce yapmıştım.","I made this bow eighteen years ago, with these hands."
"cut.ep042_intro.02","Ota, qo'ling og'riyaptimi? Yuzingdan bilib turibman.","Baba, elin ağrıyor mu? Yüzünden anlıyorum.","Father, does your hand hurt? I read it on your face."
"cut.ep042_intro.03","Har kuni, o'g'lim. Tongdan tonggacha, uzilmasdan.","Her gün oğul. Şafaktan şafağa, hiç dinmeden.","Every day, son. From dawn to dawn, without pause."
"cut.ep042_intro.04","Nega hech kimga aytmaysan? Biz ham ko'tarardik.","Neden kimseye söylemiyorsun? Biz de taşırdık.","Why tell no one? We would have carried it too."
"cut.ep042_intro.05","Chunki og'riq aytilsa, u ikki bo'lib qaytadi.","Çünkü acı söylenirse, ikiye katlanarak geri döner.","Because pain, once spoken, returns to you doubled."
"cut.ep042_intro.06","Menga ham o'rgat, ota. Men ham ko'tara olaman.","Bana da öğret baba. Ben de taşıyabilirim.","Teach me as well, father. I can carry it too."
"cut.ep042_intro.07","Kamon o'g'ilga o'tdi. Endi qo'ling dam olsin.","Yay oğula geçti. Artık senin elin dinlensin.","The bow has passed to your son. Let your hand rest."
"cut.ep043_intro.01","Bek, bu yerda turkcha gapirmang. Faqat imo qiling.","Bey, burada Türkçe konuşma. Sadece işaretle anlat.","Bey, speak no Turkish here. Use only your hands."
"cut.ep043_intro.02","Kiyim odamni yashiradi, yurish esa uni oshkor qiladi.","Elbise insanı gizler, ama yürüyüş onu ele verir.","Clothing hides a man; his walk gives him away."
"cut.ep043_intro.03","Qo'lingizni bering, birodar. Men bu jarohatni taniyman.","Elinizi verin birader. Ben bu yarayı tanıyorum.","Give me your hand, brother. I know this wound."
"cut.ep043_intro.04","Salibchilarda ko'rganman. Sizga suyak kerak, temir emas.","Haçlılarda görmüştüm. Size kemik gerek, demir değil.","I saw it among the crusaders. You need bone, not iron."
"cut.ep043_intro.05","Suyak? Odam suyagi bilan qo'l qaytadan tuzaladimi?","Kemik mi? İnsan kemiğiyle el yeniden düzelir mi?","Bone? Can a hand truly be mended with bone?"
"cut.ep043_intro.06","Temir sindiradi, suyak esa siz bilan birga yashaydi.","Demir kırar, kemik ise sizinle birlikte yaşar.","Iron breaks. Bone lives on together with your body."
"cut.ep044_intro.01","Bozor to'la, bek. O'n ikki yillik mehnat shu.","Pazar dolu bey. On iki yılın emeği işte bu.","The market is full, Bey. Twelve years of labor stands here."
"cut.ep044_intro.02","Tinchlik berilmaydi, o'g'lim. Tinchlik qurib olinadi.","Barış verilmez oğul. Barış kurularak kazanılır.","Peace is not given. Peace is something you build."
"cut.ep044_intro.03","Bek! Ufqda chang. Va oq tug' ko'rinyapti.","Bey! Ufukta toz var. Ve ak tuğ görünüyor.","Bey! Dust on the horizon. And a white standard."
"cut.ep044_intro.04","To'qqiz dumli. Darvozani yoping. Bolalarni ichkariga oling.","Dokuz tuğlu. Kapıyı kapatın. Çocukları içeri alın.","Nine tails. Shut the gate. Take the children inside now."
"cut.ep044_intro.05","O'n ikki yil bu mixni cho'ntagimda olib yurdim.","On iki yıl bu çiviyi cebimde taşıyıp durdum.","For twelve years I carried this nail in my pocket."
"cut.ep044_intro.06","Darvozani och, bek. Men faqat qo'lingni olaman.","Kapıyı aç bey. Ben yalnızca elini alacağım.","Open the gate, Bey. I will take only your hand."
"cut.ep044_intro.07","Bu darvoza o'sha qo'l bilan qurilgan, no'yon.","Bu kapı, tam da o elle kuruldu Noyan.","This gate was raised by that very hand, Noyan."
"cut.ep045_intro.01","Xarobada bir odam bor, bek. Qari va ko'r.","Harabede bir adam var bey. Yaşlı ve kör.","There is a man in the ruin, Bey. Old and blind."
"cut.ep045_intro.02","Qadamingni tanidim. O'n sakkiz yil o'tgan bo'lsa ham.","Adımını tanıdım. Üzerinden on sekiz yıl geçse de.","I know your step. Even after eighteen long years."
"cut.ep045_intro.03","Hamza. Mo'g'ullar seni ham tashlab ketishibdi.","Hamza. Moğollar seni de bırakıp gitmişler demek.","Hamza. So the Mongols left you behind as well."
"cut.ep045_intro.04","Men sening qo'lingni eshitdim. Xaritani men bergandim.","Senin elini duydum. O haritayı ben vermiştim.","I heard about your hand. I gave them the map."
"cut.ep045_intro.05","Ular seni topdi. Demak, o'sha mix mening ham.","Seni buldular. Demek o çivi benim de çivim.","They found you. So that nail is mine as well."
"cut.ep045_intro.06","Yomg'irda o'lma. Qolganini keyin gaplashamiz, Hamza.","Yağmurun altında ölme. Gerisini sonra konuşuruz Hamza.","Do not die in the rain. We will speak later."
"cut.ep046_intro.01","Qadamni qorga bosinglar. Muzga emas, faqat qorga.","Adımı kara basın. Buza değil, yalnızca kara.","Set your step in the snow. Never on the ice."
"cut.ep046_intro.02","Qirq kishimiz, bek. Biri fosh bo'lsa, hammamiz.","Kırk kişiyiz bey. Biri ele verirse, hepimiz gideriz.","We are forty, Bey. If one is seen, all fall."
"cut.ep046_intro.03","Qo'ling sovuqdan oqarib ketdi. Menga ko'rsat, bek.","Elin soğuktan bembeyaz olmuş. Bana göster bey.","The cold has turned your hand white. Show me, Bey."
"cut.ep046_intro.04","Sovuq og'riqni o'g'irlaydi. Bugun u mening do'stim.","Soğuk acıyı çalar. Bugün o benim dostumdur.","Cold steals the pain away. Today it is my friend."
"cut.ep046_intro.05","Shamol lagerdan bizga esyapti. Olovni shamolga bering.","Rüzgar kamptan bize esiyor. Ateşi rüzgara verin.","The wind blows from their camp. Give the fire to it."
"cut.ep046_intro.06","Tong otguncha qaytmasak, oba bizni kutolmaydi.","Şafağa dek dönmezsek, oba bizi bekleyemez.","If we are not back by dawn, the camp cannot wait."
"cut.ep047_intro.01","Yigirma yil. Men shu yillar shakallarni sanadim, bek.","Yirmi yıl. Ben bu yıllarda çakalları saydım bey.","Twenty years. All that time I counted jackals, Bey."
"cut.ep047_intro.02","O'n ikki ming to'qqiz yuz. Har biri yolvordi.","On iki bin dokuz yüz. Her biri yalvardı bana.","Twelve thousand nine hundred. Every last one of them begged."
"cut.ep047_intro.03","Sen sanoqqa kirmading. Men seni sanay olmadim.","Sen sayıya girmedin. Ben seni sayamadım hiç.","You never entered the count. I could not count you."
"cut.ep047_intro.04","Chunki men raqam emas, chegara edim, no'yon.","Çünkü ben bir rakam değil, bir sınırdım Noyan.","Because I was never a number, but a border."
"cut.ep047_intro.05","Mana shuning uchun bu mixni o'n ikki yil saqladim.","İşte bu yüzden bu çiviyi on iki yıl sakladım.","That is why I have kept this nail for twelve years."
"cut.ep047_intro.06","Qilichingni ol, no'yon. Olov bizni uzoq kutmaydi.","Kılıcını al Noyan. Ateş bizi uzun süre beklemez.","Take up your sword, Noyan. The fire will not wait."
"cut.ep048_intro.01","Bu temirxonani biz Deli Demir bilan qurgandik.","Bu demirhaneyi biz Deli Demir ile birlikte kurmuştuk.","We raised this forge together with Deli Demir, long ago."
"cut.ep048_intro.02","Kurultoy kutyapti, ota. Shajarani so'rashadi sizdan.","Kurultay bekliyor baba. Senden soy zincirini soracaklar.","The council waits, father. They will ask for your lineage."
"cut.ep048_intro.03","Shajara, o'g'lim, odamning o'zi haqidagi ishonchidir.","Soy zinciri, insanın kendine dair inancıdır oğul.","A lineage is a man's belief about himself, my son."
"cut.ep048_intro.04","O'g'uzxongacha ayting, bek. Xalq shuni kutib turibdi.","Oğuz Han'a kadar söyle bey. Halk bunu bekliyor.","Recite it back to Oghuz Khan, Bey. The people expect that."
"cut.ep048_intro.05","Men bilganimni aytaman. Bilmaganimni aytmayman, Turgut.","Ben bildiğimi söylerim. Bilmediğimi söylemem Turgut.","I will say what I know. Nothing beyond that, Turgut."
"cut.ep048_intro.06","Ota, mening ismim ham tangaga yozilarmi?","Baba, benim adım da bir paraya yazılır mı?","Father, will my name also be written on a coin?"
"cut.ep048_intro.07","Bir kun yoziladi, o'g'lim. Otangning ismi bilan birga.","Bir gün yazılır oğlum. Babanın adıyla birlikte yazılır.","One day it will, son. Beside your father's name."
"cut.ep006_intro.01","Sulton Han. Uch kun, ikki yuz jon — va hech kimdan bir tanga so'ralmaydi.","Sultan Han. Üç gün, iki yüz can — ve kimseden tek bir akçe istenmez.","Sultan Han. Three days, two hundred souls — and not one coin asked of anyone."
"cut.ep006_intro.02","Bu sultonning hukmi, bek. Karvonsaroy — yo'lovchining uyi, savdogarning emas.","Bu sultanın buyruğu, bey. Kervansaray yolcunun evidir, tüccarın değil.","That is the Sultan's decree, Bey. The caravanserai is the traveller's home, not the merchant's."
"cut.ep006_intro.03","Bek, ikki yuz odam ichida bittasi bizni kuzatyapti. Kim — hali bilmayman.","Bey, iki yüz kişinin içinde biri bizi izliyor. Kim — henüz bilmiyorum.","Bey, among two hundred people one is watching us. Who — I do not know yet."
"cut.ep006_intro.04","Karvonsaroyda hamma birovni kuzatadi, alp. Bu yerda ko'z — pul.","Kervansarayda herkes birini izler, alp. Burada göz paradır.","In a caravanserai everyone watches someone, alp. Here, eyes are money."
"cut.ep006_intro.05","Qon to'kmaymiz. Sulton Han sultonniki — mehmonniki emas.","Kan dökmeyiz. Sultan Han sultanındır — misafirin değil.","We spill no blood. Sultan Han belongs to the Sultan — not to the guest."
"cut.ep006_intro.06","Unda uni qilichsiz topamiz. Ko'z bilan, quloq bilan.","Öyleyse onu kılıçsız buluruz. Gözle, kulakla.","Then we find him without a sword. With eyes, with ears."
"cut.ep006_intro.07","Uch kun bor. Uchinchi kuni karvon ketadi — u ham ketadi. Ungacha topamiz.","Üç günümüz var. Üçüncü gün kervan gider — o da gider. O zamana kadar buluruz.","We have three days. On the third the caravan leaves — and so does he. We find him before then."
